TEAM,W,L,FG,FGA,FG%,2P,2PA,2P%,3P,3PA,3P%,FT,FTA,FT%,PTS,ORB,DRB,TRB,AST,STL,BLK,TOV,PF
Army,14,13,27.63,57.78,0.48,20.63,37.22,0.56,7.00,20.56,0.34,9.48,15.26,0.62,71.74,5.93,25.30,31.22,16.15,5.26,1.59,11.30,14.67
Bucknell,12,18,23.90,57.13,0.42,16.03,33.47,0.48,7.87,23.67,0.34,11.03,16.27,0.65,66.70,7.13,21.73,28.87,11.83,7.50,3.30,12.40,18.37
Kentucky,22,5,25.81,55.56,0.46,20.48,40.85,0.50,5.33,14.70,0.36,17.15,21.48,0.80,74.11,8.44,24.89,33.33,13.78,5.26,5.19,11.74,18.67
Vanderbilt,9,20,23.14,55.07,0.42,15.38,31.10,0.50,7.76,23.97,0.33,16.62,23.72,0.70,70.66,7.52,22.00,29.52,11.14,6.83,2.90,12.24,19.38
Michigan St.,20,8,27.07,58.50,0.46,19.39,36.75,0.53,7.68,21.75,0.35,13.71,18.21,0.75,75.54,9.50,28.54,38.04,17.68,4.89,5.14,12.11,16.93
Northwestern,7,22,24.14,58.10,0.42,17.93,38.34,0.47,6.21,19.76,0.31,10.31,14.21,0.72,64.79,6.41,23.79,30.21,13.55,3.97,3.28,9.79,16.52
DePaul,11,16,25.26,60.11,0.42,19.93,42.22,0.47,5.33,17.89,0.30,13.33,19.89,0.65,69.19,10.33,23.67,34.00,13.26,7.63,4.81,14.22,19.07
Seton Hall,18,8,25.62,57.88,0.44,17.88,34.35,0.52,7.73,23.54,0.33,14.35,20.08,0.69,73.31,9.00,25.04,34.04,14.23,6.77,5.96,12.96,18.27
Boston University,19,11,26.97,58.67,0.46,20.47,38.70,0.53,6.50,19.97,0.33,10.27,15.83,0.65,70.70,9.43,24.57,34.00,12.70,5.27,2.33,10.87,14.90
Loyola MD,13,15,26.00,55.54,0.47,19.39,35.04,0.56,6.61,20.50,0.32,14.96,23.43,0.63,73.57,7.75,24.46,32.21,15.21,6.50,2.89,13.07,17.50
Bradley,21,10,25.42,57.23,0.45,18.65,39.23,0.48,6.77,18.00,0.37,13.42,18.35,0.74,71.03,9.42,25.74,35.16,13.23,4.68,4.16,11.39,16.45
Valparaiso,16,15,26.16,59.39,0.44,17.84,34.84,0.51,8.32,24.55,0.33,10.90,15.06,0.71,71.55,7.71,23.35,31.06,14.87,7.58,3.32,11.90,17.03
UCF,14,13,24.56,57.00,0.43,17.52,35.52,0.50,7.04,21.48,0.32,12.63,17.41,0.72,68.78,8.30,22.78,31.07,13.37,6.59,2.67,13.00,16.70
Memphis,18,9,23.85,55.93,0.43,17.33,36.15,0.48,6.52,19.78,0.34,14.93,21.85,0.68,69.15,8.44,27.70,36.15,13.37,7.78,5.85,16.41,19.48
The Citadel,6,21,26.15,61.15,0.43,16.70,32.00,0.52,9.44,29.15,0.32,12.67,18.11,0.69,74.41,7.52,24.59,32.11,14.30,6.85,3.07,14.67,16.96
Wofford,17,13,26.17,56.40,0.46,16.60,29.40,0.57,9.57,27.00,0.35,9.83,14.33,0.69,71.73,7.03,23.13,30.17,13.43,5.77,2.53,11.93,17.07
Colgate,24,6,27.83,61.43,0.45,17.67,33.47,0.53,10.17,27.97,0.36,11.63,15.70,0.76,77.47,9.07,25.63,34.70,14.77,6.17,3.03,10.20,15.30
Lafayette,17,10,25.56,57.33,0.45,17.15,32.07,0.54,8.41,25.26,0.33,10.56,14.30,0.73,70.07,6.67,25.44,32.11,15.26,4.67,4.41,10.78,14.26
Connecticut,17,11,25.18,59.46,0.43,18.29,38.14,0.49,6.89,21.32,0.32,14.89,20.07,0.74,72.14,10.86,22.89,33.75,13.07,7.07,5.89,13.89,18.43
Temple,11,17,23.96,59.18,0.41,17.21,38.57,0.45,6.75,20.61,0.33,13.25,19.25,0.69,67.93,7.46,26.21,33.68,14.00,7.21,2.82,12.64,18.07
Dayton,27,2,28.93,55.31,0.52,20.90,33.90,0.62,8.03,21.41,0.37,13.55,18.83,0.72,79.45,6.52,25.90,32.41,17.28,5.69,3.52,11.76,17.24
Duquesne,18,9,25.15,56.70,0.44,17.26,32.11,0.54,7.89,24.59,0.32,13.22,19.07,0.69,71.41,8.85,23.37,32.22,14.52,6.41,5.33,12.00,15.48
East Carolina,10,17,23.96,56.89,0.42,18.67,38.00,0.49,5.30,18.89,0.28,15.48,21.07,0.73,68.70,8.26,24.85,33.11,13.74,6.48,2.81,13.52,20.67
Houston,22,7,25.03,60.07,0.42,18.03,39.31,0.46,7.00,20.76,0.34,14.86,20.24,0.74,71.93,13.14,25.59,38.72,12.83,5.21,4.86,11.41,19.76
East Tennessee St.,27,4,26.94,57.16,0.47,19.35,34.87,0.55,7.58,22.29,0.34,14.71,20.90,0.69,76.16,9.81,23.39,33.19,13.68,8.16,3.26,11.65,17.52
Mercer,14,14,26.21,58.25,0.45,18.54,36.64,0.51,7.68,21.61,0.36,10.36,14.50,0.70,70.46,8.93,25.11,34.04,14.32,6.50,2.54,13.39,18.18
Fordham,6,22,20.82,54.32,0.38,13.50,31.21,0.43,7.32,23.11,0.32,9.50,13.86,0.69,58.46,5.79,23.39,29.18,11.14,6.75,2.68,11.75,17.43
St. Bonaventure,18,9,25.74,58.04,0.44,19.00,39.04,0.49,6.74,19.00,0.35,11.63,15.96,0.73,69.85,8.81,24.70,33.52,13.96,5.52,3.52,11.26,16.33
Furman,21,7,27.07,57.96,0.47,17.57,30.86,0.57,9.50,27.11,0.35,12.29,17.79,0.68,75.93,6.61,22.00,28.61,14.68,8.18,2.71,11.25,15.93
VMI,8,19,26.15,59.96,0.44,15.00,28.93,0.52,11.15,31.04,0.36,9.41,13.33,0.71,72.85,8.33,24.07,32.41,15.78,6.52,2.56,12.70,18.22
Davidson,15,12,25.15,55.48,0.45,16.19,30.85,0.53,8.96,24.63,0.36,13.74,18.11,0.76,73.00,6.59,24.70,31.30,14.30,5.33,2.93,10.30,15.81
George Washington,11,17,22.89,53.89,0.43,15.61,31.75,0.49,7.29,22.14,0.34,12.04,17.32,0.69,65.11,6.18,23.93,30.11,11.86,5.54,3.93,12.68,16.89
Binghamton,9,16,24.96,60.00,0.42,15.28,30.88,0.49,9.68,29.12,0.34,10.96,14.68,0.73,70.56,8.48,24.04,32.52,11.84,5.40,3.00,11.72,16.52
Hartford,15,13,23.36,55.93,0.42,15.82,33.79,0.47,7.54,22.14,0.34,12.61,17.75,0.70,66.86,7.04,24.04,31.07,12.86,7.14,2.32,13.18,17.07
Drake,17,13,24.40,54.40,0.45,17.43,33.50,0.53,6.97,20.90,0.34,12.23,17.20,0.70,68.00,6.70,24.30,31.00,14.40,5.10,3.77,12.10,17.20
Indiana St.,18,9,24.56,53.70,0.46,17.59,35.15,0.50,6.96,18.56,0.38,12.59,17.59,0.70,68.67,6.56,23.37,29.93,12.70,5.56,3.67,10.85,16.56
Alabama,15,13,27.50,62.68,0.44,16.46,31.68,0.53,11.04,31.00,0.35,16.29,23.61,0.66,82.32,10.04,25.71,35.75,14.07,6.32,4.32,14.18,20.14
LSU,19,9,28.57,60.96,0.47,21.64,39.82,0.55,6.93,21.14,0.32,16.29,21.14,0.77,80.36,10.25,26.14,36.39,13.07,6.36,3.71,11.11,15.68
Albany,13,16,22.76,55.24,0.41,14.66,31.03,0.47,8.10,24.21,0.34,12.69,18.24,0.70,66.31,7.45,25.41,32.86,12.83,5.72,2.79,13.14,16.48
UMBC,12,17,24.07,55.28,0.44,17.45,33.86,0.51,6.62,21.41,0.31,11.34,17.66,0.65,66.10,7.21,23.28,30.48,11.48,5.34,2.34,11.90,16.21
Massachusetts,10,17,23.89,57.41,0.42,16.59,34.33,0.48,7.30,23.07,0.31,12.11,17.04,0.72,67.19,7.78,21.85,29.63,13.07,6.33,3.04,13.15,18.59
Saint Joseph's,4,24,23.54,60.21,0.39,14.93,30.54,0.49,8.61,29.68,0.29,11.79,16.54,0.71,67.46,8.14,22.79,30.93,12.07,4.43,2.75,12.18,16.96
Umass Lowell,11,14,26.16,56.32,0.47,19.32,36.44,0.53,6.84,19.88,0.35,16.12,22.36,0.72,75.28,7.36,21.60,28.96,14.20,7.12,2.60,13.04,16.64
Stony Brook,16,11,23.59,57.44,0.41,15.33,32.81,0.47,8.26,24.63,0.34,13.63,18.96,0.72,69.07,8.85,26.44,35.30,11.11,6.96,4.41,14.19,17.04
McNeese St.,13,13,28.23,57.23,0.49,20.27,36.54,0.56,7.96,20.69,0.38,14.23,19.54,0.73,78.65,9.42,24.31,33.73,16.04,6.65,3.92,14.88,16.38
Nicholls St.,19,8,28.63,63.67,0.45,20.70,39.96,0.51,7.93,23.70,0.33,12.48,16.81,0.72,77.67,9.67,22.22,31.89,13.15,9.70,3.74,12.63,19.04
Holy Cross,3,26,24.48,56.72,0.43,17.86,35.62,0.51,6.62,21.10,0.31,9.55,14.48,0.65,65.14,7.52,21.83,29.34,11.28,5.00,2.83,14.03,17.59
Navy,12,15,22.33,55.22,0.41,15.96,33.59,0.48,6.37,21.63,0.29,12.07,17.44,0.68,63.11,9.63,22.52,32.15,10.74,5.00,1.78,10.78,15.96
New Hampshire,13,13,24.46,61.35,0.40,16.04,35.50,0.46,8.42,25.85,0.33,10.35,15.27,0.67,67.69,10.04,28.12,38.15,12.54,4.77,2.04,12.46,18.69
Vermont,22,7,25.93,56.62,0.46,17.41,31.86,0.54,8.52,24.76,0.35,12.10,16.59,0.73,72.48,8.34,25.45,33.79,14.03,5.69,3.38,10.59,15.55
Missouri St.,14,15,26.10,59.31,0.44,19.03,39.55,0.48,7.07,19.76,0.36,12.31,16.41,0.75,71.59,9.55,25.34,34.90,12.21,6.31,2.55,12.66,18.31
Northern Iowa,21,6,27.70,57.30,0.49,18.26,33.96,0.55,9.44,23.33,0.40,11.59,15.00,0.75,76.44,8.11,26.19,34.30,12.67,4.74,2.44,11.59,14.41
Notre Dame,16,11,26.59,62.26,0.43,16.59,33.78,0.50,10.00,28.48,0.35,11.00,14.89,0.73,74.19,8.70,25.48,34.19,16.48,5.59,3.81,9.63,12.67
Wake Forest,11,16,24.44,56.81,0.43,17.67,37.37,0.48,6.78,19.44,0.36,17.59,23.26,0.74,73.26,8.19,26.11,34.30,12.56,5.00,2.70,13.63,19.15
Monmouth,17,9,24.81,59.62,0.42,17.19,37.35,0.46,7.62,22.27,0.35,16.15,22.58,0.72,73.38,7.85,23.65,31.50,12.69,8.35,2.62,11.42,19.92
Saint Peter's,18,10,22.96,55.50,0.42,16.61,37.46,0.45,6.36,18.04,0.36,15.54,21.43,0.71,67.82,10.82,23.25,34.07,10.79,7.36,4.71,15.36,21.11
Sam Houston St.,17,11,27.96,61.86,0.45,20.32,39.64,0.51,7.64,22.21,0.34,14.54,19.57,0.74,78.11,8.57,23.18,31.75,16.00,9.07,3.04,14.14,20.07
Texas A&M Corpus Chris,13,14,23.74,52.59,0.45,16.15,32.19,0.50,7.59,20.41,0.37,12.48,17.52,0.71,67.63,7.81,23.26,31.07,12.96,6.15,3.37,17.15,20.00
Chattanooga,17,12,26.45,57.24,0.46,18.03,33.55,0.54,8.41,23.69,0.36,11.76,16.31,0.72,73.07,7.31,24.93,32.24,13.66,4.55,1.55,11.31,15.03
Samford,8,20,25.57,59.32,0.43,18.71,39.25,0.48,6.86,20.07,0.35,16.07,20.93,0.76,74.07,8.43,23.93,32.36,11.89,6.93,3.36,15.39,16.18
UNC Greensboro,19,7,27.50,63.35,0.44,19.00,37.54,0.51,8.50,25.81,0.33,10.85,16.65,0.64,74.35,11.38,22.04,33.42,12.00,9.00,3.88,11.35,18.62
Western Carolina,17,10,27.15,57.44,0.47,17.52,31.41,0.56,9.63,26.04,0.37,15.22,21.15,0.73,79.15,8.11,26.37,34.48,14.70,5.33,1.81,13.63,16.81
Arkansas,17,12,25.21,57.21,0.44,17.52,34.41,0.51,7.69,22.79,0.34,17.93,24.66,0.73,76.03,6.31,22.45,28.76,11.90,7.48,3.83,10.86,20.31
South Carolina,15,13,26.71,60.43,0.44,21.18,42.57,0.50,5.54,17.86,0.30,13.96,22.04,0.64,72.93,9.61,23.50,33.11,14.43,7.46,4.25,12.57,23.43
Central Arkansas,9,17,25.85,59.54,0.44,18.19,35.46,0.52,7.65,24.08,0.32,17.42,23.81,0.73,76.77,9.81,26.15,35.96,15.23,5.15,4.85,17.62,20.85
Southeastern Louisiana,6,21,25.15,60.30,0.42,18.78,39.30,0.48,6.37,21.00,0.30,13.33,19.26,0.66,70.00,9.19,19.85,29.04,12.44,7.89,1.70,16.15,21.26
Houston Baptist,4,22,27.69,61.38,0.45,20.46,41.65,0.49,7.23,19.73,0.36,18.00,24.04,0.74,80.62,9.88,21.96,31.85,12.92,5.46,2.15,16.58,20.38
Incarnate Word,8,19,23.56,56.22,0.42,17.37,35.44,0.49,6.19,20.78,0.29,13.59,18.22,0.75,66.89,8.41,20.89,29.30,12.52,7.48,2.48,14.30,18.93
Evansville,6,23,22.79,54.62,0.42,15.41,31.24,0.49,7.38,23.38,0.31,13.03,18.07,0.72,66.00,5.38,22.21,27.59,12.28,4.83,2.31,11.86,17.07
Illinois St.,8,20,23.50,56.07,0.42,15.32,32.64,0.47,8.18,23.43,0.34,10.21,14.21,0.68,65.39,7.29,22.89,30.18,11.68,5.71,2.32,14.14,17.11
Kansas St.,8,21,22.31,54.00,0.42,15.45,32.69,0.48,6.86,21.31,0.32,12.45,19.07,0.64,63.93,8.45,20.79,29.24,12.17,8.48,2.45,14.00,19.41
Oklahoma,15,12,24.07,57.52,0.42,16.70,34.41,0.49,7.37,23.11,0.32,13.70,18.00,0.75,69.22,7.00,26.07,33.07,11.74,6.22,4.33,11.04,13.41
La Salle,14,13,23.63,56.81,0.42,15.67,33.07,0.47,7.96,23.74,0.33,13.15,19.52,0.66,68.37,8.81,22.96,31.78,12.93,8.00,2.96,14.15,19.44
Saint Louis,20,7,26.07,57.85,0.45,20.96,42.56,0.50,5.11,15.30,0.34,13.30,22.59,0.57,70.56,11.04,26.37,37.41,14.30,7.19,4.11,12.48,17.93
New Orleans,8,18,26.69,57.54,0.46,21.31,42.15,0.51,5.38,15.38,0.35,17.08,23.12,0.74,75.85,8.35,19.69,28.04,14.92,7.96,1.88,13.77,19.19
Northwestern St.,14,12,26.85,60.00,0.45,19.23,38.96,0.49,7.62,21.04,0.36,15.31,20.81,0.72,76.62,9.81,25.58,35.38,12.92,5.85,4.77,15.73,19.54
Oral Roberts,16,11,29.26,63.81,0.46,21.15,40.15,0.53,8.11,23.67,0.34,13.89,18.48,0.75,80.52,10.44,24.26,34.70,13.04,6.07,2.63,9.41,15.85
South Dakota St.,19,8,28.70,57.19,0.50,21.11,36.41,0.58,7.59,20.78,0.37,12.96,18.41,0.69,77.96,7.70,26.48,34.19,14.74,4.78,3.48,12.26,16.00
Indiana,16,12,24.50,56.75,0.43,19.11,39.93,0.48,5.39,16.82,0.32,13.89,20.93,0.67,68.29,9.46,25.04,34.50,12.57,5.43,4.11,12.14,16.68
Penn St.,18,10,26.61,62.32,0.43,19.00,38.21,0.50,7.61,24.11,0.31,13.14,18.71,0.70,73.96,9.82,25.46,35.29,13.89,7.11,4.71,10.25,17.36
Loyola Chicago,19,9,24.32,49.36,0.50,18.29,33.68,0.55,6.04,15.68,0.38,13.04,20.04,0.65,67.71,5.14,22.21,27.36,13.86,7.89,1.46,11.64,13.50
Southern Illinois,14,13,21.30,50.30,0.43,14.07,29.56,0.48,7.22,20.74,0.35,12.70,17.30,0.75,62.52,5.70,21.74,27.44,11.26,6.48,2.00,11.74,15.11
Abilene Christian,19,8,26.15,57.93,0.45,19.41,36.44,0.53,6.74,21.48,0.31,16.96,22.81,0.74,76.00,9.56,21.26,30.81,14.93,9.22,2.81,14.26,21.37
Stephen F. Austin,24,3,28.19,57.44,0.49,22.63,42.00,0.54,5.56,15.44,0.36,17.52,25.59,0.68,79.44,11.07,22.81,33.89,14.85,10.30,3.15,16.04,20.52
Texas,15,12,23.59,55.70,0.43,15.56,32.04,0.49,8.04,23.67,0.34,8.22,12.11,0.69,63.44,7.33,21.22,28.56,11.56,5.15,4.26,12.89,18.59
TCU,13,16,22.90,55.38,0.41,14.66,31.83,0.46,8.24,23.55,0.35,9.66,15.28,0.65,63.69,9.45,22.28,31.72,14.00,6.55,4.69,13.55,16.83
Texas Tech,15,13,24.25,55.00,0.45,17.04,34.25,0.50,7.21,20.75,0.35,14.39,18.89,0.76,70.11,7.32,22.32,29.64,14.21,7.54,3.93,12.32,17.64
West Virginia,18,10,24.86,59.21,0.42,19.93,41.46,0.49,4.93,17.75,0.28,14.93,23.71,0.61,69.57,13.82,23.61,37.43,12.18,7.68,3.54,14.00,18.11
South Florida,13,15,21.79,53.04,0.41,15.43,32.89,0.47,6.36,20.14,0.32,12.93,19.61,0.66,62.86,9.54,21.29,30.82,10.39,6.96,1.82,13.14,17.32
Tulane,9,18,23.07,56.89,0.41,15.41,33.78,0.46,7.67,23.11,0.34,13.11,18.33,0.71,66.93,6.59,20.67,27.26,10.74,8.26,2.56,11.33,15.93
Marquette,16,11,25.56,59.37,0.43,15.52,32.70,0.48,10.04,26.67,0.37,17.33,23.37,0.74,78.48,9.63,27.59,37.22,13.56,5.37,4.00,12.81,19.11
Xavier,15,13,26.25,59.82,0.44,19.50,39.18,0.50,6.75,20.64,0.33,11.54,17.61,0.66,70.79,10.61,25.43,36.04,14.75,6.07,3.71,13.75,16.75
Boise St.,19,10,25.55,57.38,0.45,17.21,33.03,0.52,8.34,24.34,0.34,15.34,20.31,0.76,74.79,7.52,24.38,31.90,12.69,5.48,1.45,12.24,17.66
San Jose St.,5,22,23.22,60.22,0.39,14.59,31.63,0.46,8.63,28.59,0.30,15.56,21.11,0.73,70.63,8.11,22.93,31.04,12.81,6.52,3.44,13.22,18.78
Boston College,10,18,22.61,57.43,0.39,15.29,33.68,0.45,7.32,23.75,0.30,10.75,16.39,0.63,63.29,8.21,21.75,29.96,12.25,7.29,2.50,13.21,15.82
Louisville,20,7,25.26,57.81,0.44,17.11,35.59,0.48,8.15,22.22,0.37,13.67,18.74,0.73,72.33,10.30,26.30,36.59,13.37,5.19,2.56,12.04,16.81
Colorado St.,17,11,26.79,56.36,0.48,18.64,34.39,0.55,8.14,21.96,0.37,14.43,21.46,0.67,76.21,7.43,25.50,32.93,16.00,6.75,2.07,12.68,15.04
Nevada,17,10,27.44,60.59,0.45,17.44,35.07,0.50,10.00,25.52,0.39,12.78,16.78,0.76,77.74,7.96,28.22,36.19,14.81,5.07,3.37,12.04,19.19
Baylor,24,3,25.00,58.56,0.43,17.67,37.11,0.48,7.33,21.44,0.34,12.78,18.44,0.69,70.11,11.15,22.59,33.74,13.22,8.00,4.41,11.19,17.15
Iowa St.,10,19,25.34,58.28,0.43,18.31,36.31,0.51,7.03,21.97,0.32,12.97,17.21,0.74,70.69,8.76,22.21,30.97,13.07,7.21,3.97,13.17,16.41
New Mexico,15,14,26.34,57.72,0.46,19.45,36.14,0.54,6.90,21.59,0.31,14.86,20.79,0.72,74.45,8.34,23.00,31.34,14.14,7.86,2.79,13.90,15.55
San Diego St.,27,2,26.28,55.97,0.47,17.31,32.03,0.55,8.97,23.93,0.37,12.83,16.14,0.80,74.34,7.24,23.59,30.83,14.62,7.00,2.66,10.45,16.59
Cal Baptist,19,8,26.67,60.30,0.44,16.89,34.70,0.50,9.78,25.59,0.38,16.30,20.59,0.79,79.41,10.59,28.44,39.04,14.48,4.07,3.63,12.44,18.74
Utah Valley,8,17,24.44,55.64,0.44,18.36,35.40,0.52,6.08,20.24,0.30,14.24,19.92,0.72,69.20,7.20,25.44,32.64,13.84,5.68,4.72,13.72,18.00
Arizona St.,18,10,25.96,60.43,0.43,18.75,38.14,0.50,7.21,22.29,0.34,13.54,19.50,0.69,72.68,8.43,23.54,31.96,10.68,7.46,3.11,13.00,18.46
Washington St.,14,15,23.90,60.00,0.40,16.38,36.17,0.45,7.52,23.83,0.32,14.21,19.03,0.71,69.52,9.03,24.00,33.03,11.66,6.45,2.69,12.52,17.90
St. John's,14,14,26.61,65.46,0.41,20.14,44.86,0.45,6.46,20.61,0.30,13.50,19.07,0.72,73.18,9.75,23.96,33.71,14.75,10.11,3.57,10.39,18.75
Villanova,22,6,25.68,57.71,0.45,16.00,30.46,0.53,9.68,27.25,0.36,11.93,15.68,0.77,72.96,7.25,25.07,32.32,14.25,5.68,2.57,10.32,15.21
Tennessee,14,14,22.43,52.86,0.43,16.61,33.36,0.50,5.82,19.50,0.30,15.18,20.11,0.76,65.86,8.43,22.68,31.11,13.89,6.00,5.54,13.36,18.46
Texas A&M,14,13,20.96,52.22,0.40,14.41,30.15,0.48,6.56,22.07,0.30,14.67,21.48,0.67,63.15,8.78,22.07,30.85,11.26,6.37,2.70,13.63,15.93
Akron,22,6,25.75,57.32,0.45,16.46,32.18,0.51,9.29,25.14,0.38,15.14,19.82,0.77,75.93,8.18,26.21,34.39,13.11,5.14,2.82,12.18,17.57
Buffalo,18,11,28.69,66.59,0.43,21.03,41.86,0.50,7.66,24.72,0.31,12.76,18.59,0.69,77.79,12.48,26.17,38.66,14.28,7.52,4.62,13.38,18.59
Ball St.,15,12,23.56,55.74,0.42,14.33,28.48,0.51,9.22,27.26,0.34,12.44,17.44,0.72,68.78,7.00,25.33,32.33,13.07,6.67,3.19,13.67,16.22
Bowling Green,18,9,26.11,62.74,0.42,18.48,40.19,0.46,7.63,22.56,0.34,13.26,17.85,0.74,73.11,9.70,26.11,35.81,11.93,4.96,2.22,10.78,17.44
Cincinnati,18,9,25.30,56.96,0.45,18.81,36.63,0.52,6.48,20.33,0.32,15.52,22.81,0.69,72.59,9.33,24.93,34.26,14.33,6.48,5.04,13.93,17.93
SMU,16,11,25.67,57.11,0.45,17.67,32.37,0.55,8.00,24.74,0.33,13.15,17.30,0.75,72.48,10.22,23.52,33.74,15.56,5.85,3.19,12.78,16.63
Clemson,13,14,22.96,54.11,0.43,15.07,28.89,0.52,7.89,25.22,0.31,11.19,16.26,0.69,65.00,6.33,24.15,30.48,12.85,6.59,2.48,12.07,15.19
Syracuse,16,13,25.66,58.90,0.44,17.45,34.21,0.51,8.21,24.69,0.33,15.83,21.07,0.75,75.34,8.72,23.34,32.07,13.86,7.41,4.48,11.07,16.66
Florida,17,10,26.04,55.56,0.47,18.56,34.93,0.54,7.48,20.63,0.36,13.70,19.00,0.72,73.26,8.30,23.04,31.33,12.04,5.96,4.07,11.30,17.00
Mississippi St.,16,11,25.81,55.56,0.47,20.52,40.19,0.52,5.30,15.37,0.34,16.67,21.52,0.78,73.59,9.93,24.07,34.00,13.04,5.41,5.07,13.11,17.85
George Mason,13,15,23.11,55.32,0.42,17.32,36.14,0.48,5.79,19.18,0.30,13.75,19.86,0.69,65.75,9.68,23.71,33.39,10.50,6.14,4.29,13.36,16.93
Rhode Island,19,8,26.04,61.15,0.43,20.56,43.59,0.48,5.48,17.56,0.31,15.63,23.22,0.67,73.19,11.00,24.89,35.89,12.37,8.44,3.96,11.19,17.26
Georgia Tech,15,14,25.21,55.62,0.45,20.10,39.34,0.51,5.10,16.28,0.31,12.76,18.83,0.66,68.28,8.24,24.34,32.59,13.45,7.00,4.24,15.45,19.03
Michigan,16,12,27.64,60.43,0.46,19.71,36.93,0.54,7.93,23.50,0.34,11.71,16.32,0.72,74.93,7.39,25.86,33.25,14.68,5.54,4.36,10.18,15.64
Nebraska,6,23,25.41,62.48,0.41,17.31,37.72,0.46,8.10,24.76,0.33,10.72,17.69,0.62,69.66,7.41,24.52,31.93,13.76,7.00,2.24,11.62,15.10
Kent St.,17,12,27.48,60.28,0.46,19.28,35.90,0.53,8.21,24.38,0.34,12.31,16.93,0.73,75.48,9.52,23.34,32.86,13.90,6.59,4.00,12.55,18.62
Toledo,14,14,24.39,57.61,0.42,15.82,33.21,0.48,8.57,24.39,0.35,15.18,20.43,0.74,72.54,8.96,26.29,35.25,14.11,5.32,3.39,11.75,16.21
Florida St.,24,4,27.79,60.18,0.46,20.18,38.82,0.52,7.61,21.36,0.35,13.00,17.54,0.74,76.18,10.43,22.82,33.25,13.64,9.21,5.18,13.11,17.14
Virginia,20,7,20.59,49.59,0.42,14.78,31.22,0.48,5.81,18.37,0.32,9.96,13.67,0.73,56.96,6.22,23.85,30.07,11.41,5.22,4.74,11.59,13.74
Richmond,21,7,26.64,57.75,0.46,19.07,36.29,0.53,7.57,21.46,0.34,12.43,16.04,0.79,73.29,6.43,26.54,32.96,15.04,8.11,2.43,10.54,15.18
VCU,14,13,24.70,57.85,0.43,17.37,36.59,0.48,7.33,21.26,0.35,13.07,18.93,0.70,69.81,8.74,22.48,31.22,12.96,8.56,3.89,11.22,18.37
Miami FL,12,15,25.07,58.74,0.43,18.15,36.44,0.50,6.93,22.30,0.31,13.30,17.26,0.76,70.37,7.41,23.33,30.74,9.52,5.78,3.89,12.04,14.67
Virginia Tech,12,16,24.14,58.43,0.41,14.57,30.86,0.48,9.57,27.57,0.34,9.79,13.79,0.71,67.64,6.36,24.32,30.68,14.36,6.00,2.82,9.14,15.18
Georgia,13,16,26.59,59.86,0.44,19.66,36.83,0.53,6.93,23.03,0.30,13.76,19.34,0.71,73.86,9.97,24.48,34.45,12.69,6.66,3.17,14.72,18.79
Missouri,12,15,22.19,54.74,0.41,15.63,32.81,0.48,6.56,21.93,0.30,15.56,19.81,0.77,66.48,9.81,21.70,31.52,11.07,6.63,3.04,13.59,21.74
Northern Illinois,15,11,24.31,58.08,0.42,17.04,37.08,0.46,7.27,21.00,0.35,10.38,15.50,0.65,66.27,8.96,24.62,33.58,10.23,5.42,2.50,10.62,18.12
Ohio,14,14,25.54,57.68,0.44,17.14,33.14,0.52,8.39,24.54,0.34,11.89,17.07,0.68,71.36,7.96,23.71,31.68,14.39,6.36,2.29,12.07,16.50
Purdue,14,13,24.78,59.85,0.42,17.67,38.37,0.46,7.11,21.48,0.33,10.78,15.37,0.70,67.44,10.59,22.96,33.56,13.22,6.48,3.30,11.33,17.74
Rutgers,17,10,26.70,59.70,0.45,21.19,42.41,0.50,5.52,17.30,0.31,10.44,16.37,0.62,69.37,10.07,26.89,36.96,12.26,6.44,4.30,11.78,17.26
Air Force,10,18,25.36,55.57,0.46,16.54,32.29,0.51,8.82,23.29,0.38,13.96,19.32,0.71,73.50,6.50,23.54,30.04,14.82,5.04,1.04,11.54,16.57
Fresno St.,9,17,23.65,56.58,0.42,14.19,29.04,0.49,9.46,27.54,0.34,11.81,16.50,0.72,68.58,9.62,24.38,34.00,12.15,4.69,3.65,11.85,15.96
Duke,21,6,29.37,62.11,0.47,22.37,42.67,0.53,7.00,19.44,0.36,16.56,22.67,0.73,82.30,10.89,25.56,36.44,15.63,7.81,6.15,12.74,18.07
Pittsburgh,13,15,23.36,57.39,0.41,17.96,39.18,0.46,5.39,18.21,0.30,13.32,18.64,0.71,65.43,10.00,20.00,30.00,12.39,8.18,3.43,11.32,15.64
Butler,18,9,24.52,54.11,0.46,17.56,33.44,0.53,6.96,20.67,0.34,11.48,15.63,0.74,67.48,7.56,24.44,32.00,12.19,5.33,2.59,11.15,16.93
Georgetown,12,16,26.14,59.82,0.44,19.61,41.21,0.48,6.54,18.61,0.35,14.82,19.25,0.77,73.64,9.39,24.50,33.89,14.89,6.14,4.11,12.79,15.86
Auburn,20,6,25.15,60.23,0.42,17.38,33.65,0.52,7.77,26.58,0.28,18.19,27.12,0.67,76.27,12.38,24.77,37.15,12.27,6.62,4.58,12.38,19.62
Mississippi,12,17,23.66,55.59,0.43,17.66,36.83,0.48,6.00,18.76,0.32,15.10,20.62,0.72,68.41,7.28,22.45,29.72,12.66,6.66,2.76,12.55,19.48
Utah St.,21,8,25.97,57.07,0.45,18.79,35.21,0.54,7.17,21.86,0.32,15.72,20.48,0.77,74.83,8.86,27.86,36.72,15.90,6.03,3.07,12.38,15.69
Wyoming,8,21,22.17,53.83,0.41,13.76,28.41,0.48,8.41,25.41,0.33,11.66,15.93,0.74,64.41,4.00,22.90,26.90,12.07,5.62,2.00,11.90,19.14
American,15,11,26.42,57.77,0.46,19.73,37.62,0.53,6.69,20.15,0.34,11.85,16.77,0.69,71.38,7.88,22.81,30.69,13.27,8.19,3.42,12.08,17.50
Lehigh,8,19,25.41,56.70,0.45,19.78,39.96,0.49,5.63,16.74,0.33,11.26,15.41,0.73,67.70,6.48,23.48,29.96,11.93,5.22,2.15,13.11,17.78
Coppin St.,10,16,23.92,59.19,0.40,15.92,31.54,0.51,8.00,27.65,0.29,12.15,19.62,0.63,68.00,7.54,27.12,34.65,10.15,6.50,2.96,13.85,16.62
Howard,4,24,24.75,57.75,0.43,17.11,35.96,0.48,7.64,21.79,0.35,14.04,19.86,0.70,71.18,7.64,21.46,29.11,13.54,5.64,3.93,15.00,18.21
Maryland Eastern Shore,5,23,21.29,59.18,0.36,15.36,35.61,0.43,5.93,23.57,0.25,9.79,15.21,0.63,58.29,9.00,22.50,31.50,11.50,7.71,3.18,14.07,18.11
Morgan St.,13,14,24.74,57.89,0.43,19.48,39.85,0.49,5.26,18.04,0.29,16.41,23.26,0.71,71.15,10.67,24.59,35.26,11.81,5.59,4.07,16.48,22.41
Florida A&M,12,11,25.22,58.87,0.43,21.17,44.74,0.47,4.04,14.13,0.30,14.57,22.65,0.64,69.04,10.26,21.61,31.87,10.52,7.43,1.91,14.96,19.26
Norfolk St.,13,14,23.30,57.59,0.41,15.93,33.70,0.47,7.37,23.89,0.30,13.63,19.15,0.71,67.59,9.48,23.78,33.26,12.41,7.37,2.22,13.74,19.78
Delaware St.,6,23,26.10,63.38,0.41,18.17,38.28,0.47,7.93,25.10,0.32,14.21,20.69,0.68,74.34,8.52,23.41,31.93,10.59,7.00,2.28,14.52,20.72
North Carolina A&T,16,12,26.36,60.57,0.44,20.50,41.04,0.50,5.86,19.54,0.30,15.71,25.43,0.62,74.29,9.93,25.79,35.71,15.36,7.96,3.71,14.50,20.86
North Carolina,11,19,26.17,62.33,0.42,20.93,44.60,0.47,5.23,17.73,0.29,14.17,20.57,0.70,71.73,11.97,25.33,37.30,14.17,5.57,3.47,12.53,16.77
N.C. State,17,11,27.21,60.14,0.45,20.21,38.25,0.53,7.00,21.89,0.32,11.50,16.36,0.71,72.93,8.36,23.46,31.82,13.39,7.79,4.46,11.57,18.00
Bethune Cookman,14,12,25.69,60.69,0.43,19.65,41.69,0.48,6.04,19.00,0.32,16.58,23.54,0.70,74.00,9.81,24.77,34.58,11.92,6.81,2.42,14.46,19.31
South Carolina St.,9,16,24.24,55.96,0.43,19.68,39.80,0.50,4.56,16.16,0.28,17.04,22.96,0.74,70.08,9.44,23.08,32.52,11.76,4.52,2.04,13.44,19.76
Alabama St.,8,21,21.55,55.59,0.39,15.10,33.86,0.44,6.45,21.72,0.30,12.34,19.97,0.62,61.90,8.97,22.45,31.41,10.31,6.31,2.28,15.59,19.97
Alcorn St.,14,12,26.12,60.04,0.43,17.12,36.12,0.47,9.00,23.92,0.37,14.08,18.73,0.75,75.31,9.62,25.23,34.85,13.50,7.54,3.42,13.85,17.96
Iowa,18,10,27.14,60.29,0.45,19.21,37.57,0.51,7.93,22.71,0.35,14.86,19.75,0.74,77.07,10.00,24.39,34.39,17.43,5.96,3.96,11.54,16.25
Wisconsin,18,9,23.48,55.56,0.42,14.59,30.52,0.48,8.89,25.04,0.35,10.59,14.07,0.74,66.44,6.93,24.37,31.30,12.15,4.26,3.41,9.22,15.37
UMKC,14,11,25.04,54.84,0.46,17.92,35.36,0.51,7.12,19.48,0.37,11.60,16.96,0.68,68.80,6.76,20.44,27.20,12.32,7.32,2.96,12.68,21.92
Northern Arizona,15,13,25.54,57.18,0.45,18.64,37.86,0.49,6.89,19.32,0.37,12.43,17.64,0.70,70.39,7.75,22.57,30.32,13.00,6.75,2.00,10.79,15.82
Sacramento St.,14,14,22.64,54.93,0.41,17.64,39.21,0.45,5.00,15.71,0.31,12.46,17.25,0.73,62.75,9.68,21.46,31.14,12.54,6.93,3.86,11.89,17.68
Mississippi Valley St.,3,23,24.62,67.04,0.37,16.31,39.04,0.42,8.31,28.00,0.30,10.38,16.04,0.64,67.92,9.27,23.23,32.50,10.35,7.73,2.88,13.65,19.50
Prairie View A&M,18,9,25.78,57.70,0.45,21.26,42.56,0.50,4.52,15.15,0.30,17.22,23.85,0.71,73.30,8.81,22.41,31.22,15.19,8.52,2.93,13.07,22.22
Alabama A&M,8,18,21.77,56.65,0.38,16.81,39.38,0.43,4.96,17.27,0.28,13.46,19.96,0.66,61.96,8.23,23.23,31.46,11.23,5.38,2.31,12.46,17.92
Southern,15,13,24.79,56.79,0.44,19.46,39.86,0.49,5.32,16.93,0.31,13.46,20.00,0.67,68.36,9.82,23.29,33.11,13.54,6.18,2.25,13.21,21.11
Arkansas Pine Bluff,4,23,19.63,49.11,0.40,15.78,34.56,0.45,3.85,14.56,0.27,10.96,18.63,0.60,54.07,8.30,21.70,30.00,9.85,7.15,3.37,17.19,20.48
Texas Southern,16,13,25.69,60.10,0.43,20.38,42.76,0.48,5.31,17.34,0.30,17.83,25.28,0.70,74.52,10.45,24.41,34.86,11.66,6.62,2.83,15.24,18.93
Eastern Washington,21,7,29.57,63.79,0.46,20.32,37.39,0.54,9.25,26.39,0.35,12.61,18.21,0.69,81.00,8.61,26.50,35.11,17.86,6.71,3.50,12.68,18.57
Northern Colorado,20,6,27.19,57.73,0.48,16.92,31.38,0.54,10.27,26.35,0.40,9.88,14.81,0.68,74.54,7.04,24.19,31.23,13.46,4.62,2.35,9.23,15.65
Idaho,6,21,24.33,55.52,0.44,19.44,41.81,0.46,4.89,13.70,0.36,11.15,16.63,0.68,64.70,6.67,25.07,31.74,11.63,5.59,2.15,14.37,17.67
Southern Utah,15,13,25.54,56.50,0.45,19.21,38.29,0.50,6.32,18.21,0.34,14.61,20.11,0.71,72.00,8.36,26.11,34.46,11.75,6.39,3.93,12.61,19.00
Kansas,26,2,27.29,56.54,0.48,21.18,38.21,0.55,6.11,18.32,0.31,12.89,19.29,0.66,73.57,9.43,25.96,35.39,13.64,7.50,4.75,12.11,14.36
Oklahoma St.,14,14,23.29,55.18,0.42,17.36,36.39,0.48,5.93,18.79,0.31,14.54,19.75,0.74,67.04,9.00,23.54,32.54,11.75,6.54,3.46,12.82,18.21
Tulsa,18,9,23.26,52.59,0.44,17.15,34.11,0.50,6.11,18.48,0.32,14.70,20.70,0.70,67.33,7.00,23.56,30.56,12.41,7.48,2.22,12.85,14.93
Princeton,14,10,25.71,55.08,0.47,16.83,30.50,0.55,8.88,24.58,0.36,11.67,15.42,0.74,71.96,6.42,23.63,30.04,13.88,6.58,2.21,12.25,15.88
Maryland,21,7,23.29,56.61,0.41,15.46,31.86,0.49,7.82,24.75,0.32,16.25,21.57,0.75,70.64,9.75,25.75,35.50,12.89,4.18,4.11,11.00,14.96
Iona,12,15,24.15,54.04,0.45,16.44,31.52,0.52,7.70,22.52,0.34,14.15,18.41,0.77,70.15,6.48,23.70,30.19,13.22,6.52,3.59,13.41,18.48
Canisius,11,18,25.21,58.38,0.43,19.10,38.17,0.50,6.10,20.21,0.30,12.03,17.21,0.69,68.55,8.48,21.97,30.45,14.31,6.90,2.62,13.72,18.86
Fairfield,11,17,19.75,51.75,0.38,15.43,36.64,0.42,4.32,15.11,0.28,12.96,18.86,0.68,56.79,8.64,22.14,30.79,8.29,4.82,2.68,12.54,16.36
Manhattan,11,18,21.79,54.97,0.40,15.03,33.38,0.45,6.76,21.59,0.31,11.10,18.17,0.59,61.45,9.38,21.90,31.28,12.59,6.83,4.00,13.55,20.24
Rider,16,11,24.89,57.22,0.44,18.74,38.19,0.50,6.15,19.04,0.32,15.37,23.48,0.65,71.30,9.04,24.63,33.67,12.96,6.81,2.70,12.70,17.22
Niagara,12,16,23.93,55.57,0.43,16.04,34.75,0.46,7.89,20.82,0.38,10.57,13.93,0.76,66.32,4.79,20.21,25.00,12.00,7.21,2.32,9.64,15.50
Quinnipiac,15,13,23.50,55.86,0.42,12.82,26.71,0.48,10.68,29.14,0.37,12.61,16.54,0.75,70.29,8.21,25.86,34.07,14.00,4.50,3.64,13.18,15.29
Siena,18,8,25.58,55.50,0.46,18.92,37.12,0.51,6.65,18.38,0.36,14.27,20.23,0.69,72.08,9.50,24.46,33.96,13.58,5.35,3.23,12.23,16.27
Minnesota,14,13,25.81,60.22,0.43,17.74,36.33,0.49,8.07,23.89,0.33,11.89,16.89,0.70,71.59,9.44,26.37,35.81,15.11,4.56,4.52,10.70,16.07
Creighton,22,6,27.68,58.75,0.47,18.04,33.43,0.54,9.64,25.32,0.38,13.43,17.89,0.75,78.43,6.57,25.50,32.07,15.82,6.46,2.46,10.46,15.46
UNLV,15,12,25.37,59.07,0.43,17.70,35.00,0.50,7.67,24.07,0.32,14.33,20.96,0.68,72.74,10.48,26.30,36.78,13.00,6.56,2.59,12.30,21.22
Oregon,20,7,27.19,58.74,0.47,18.37,36.33,0.52,8.81,22.41,0.40,11.85,16.74,0.70,75.04,9.56,22.48,32.04,14.15,7.89,3.37,11.07,17.26
UCLA,15,12,24.30,56.07,0.43,18.30,37.15,0.49,6.00,18.93,0.32,14.30,19.81,0.71,68.89,10.19,23.26,33.44,13.07,6.41,3.00,12.52,18.78
California,10,18,21.39,52.50,0.41,16.75,37.82,0.45,4.64,14.68,0.31,14.04,19.07,0.73,61.46,6.57,22.50,29.07,8.86,4.00,2.39,12.00,19.25
Stanford,16,12,24.89,53.75,0.47,17.71,34.43,0.52,7.18,19.32,0.37,11.32,16.21,0.70,68.29,6.00,23.61,29.61,12.68,6.46,3.82,13.86,16.43
Ohio St.,17,10,23.89,54.37,0.44,15.44,31.48,0.49,8.44,22.89,0.37,15.33,19.96,0.76,71.56,8.33,24.37,32.70,12.85,5.22,3.19,12.15,17.22
Illinois,18,9,26.19,59.22,0.44,20.41,40.48,0.51,5.78,18.74,0.30,13.81,18.70,0.73,71.96,10.56,24.78,35.33,13.41,4.93,3.04,10.41,15.89
Delaware,17,11,26.36,54.96,0.48,19.00,34.04,0.56,7.36,20.93,0.35,13.89,18.04,0.77,73.96,6.14,24.04,30.18,12.96,5.32,3.50,12.64,16.36
Northeastern,15,14,25.79,54.93,0.47,17.72,32.72,0.54,8.07,22.21,0.35,11.07,14.03,0.78,70.72,6.48,22.52,29.00,13.41,7.69,1.72,11.38,16.66
Detroit,8,21,23.48,59.69,0.40,14.83,33.28,0.44,8.66,26.41,0.33,14.90,19.00,0.78,70.52,9.97,22.86,32.83,10.55,5.66,3.10,12.97,16.83
Illinois Chicago,17,14,25.84,56.55,0.46,18.65,35.68,0.53,7.19,20.87,0.35,11.68,17.16,0.67,70.55,7.81,26.32,34.13,14.32,5.97,4.52,15.39,19.81
Maine,8,20,22.11,54.89,0.40,15.29,30.54,0.49,6.82,24.36,0.28,10.11,14.14,0.71,61.14,8.75,23.54,32.29,13.71,7.04,3.50,14.57,17.79
Providence,16,11,24.11,58.78,0.41,17.11,37.85,0.46,7.00,20.93,0.33,15.19,21.85,0.70,70.41,11.37,22.52,33.89,13.52,7.89,2.89,13.04,18.70
Appalachian St.,15,12,23.78,55.15,0.43,17.07,33.15,0.52,6.70,22.00,0.30,14.93,22.07,0.68,69.19,8.59,22.74,31.33,12.11,7.44,2.15,12.56,15.56
Coastal Carolina,15,15,27.50,61.33,0.45,20.27,39.60,0.52,7.23,21.73,0.33,15.40,21.40,0.71,77.63,11.63,25.17,36.80,13.50,7.63,2.53,15.60,22.33
Eastern Michigan,12,16,21.82,52.43,0.42,16.36,32.32,0.51,5.46,20.11,0.27,13.61,21.86,0.62,62.71,7.46,22.54,30.00,8.96,9.07,3.18,13.96,17.25
Miami OH,11,18,24.97,59.41,0.42,16.86,35.14,0.48,8.10,24.28,0.34,11.79,16.21,0.74,69.83,8.21,24.07,32.28,11.55,5.03,2.03,10.97,18.24
Penn,14,10,27.46,59.29,0.46,18.21,32.29,0.57,9.25,27.00,0.34,9.75,14.75,0.68,73.92,7.13,26.00,33.13,15.50,5.75,3.29,12.33,14.92
Presbyterian,9,19,24.14,52.93,0.46,18.04,34.11,0.53,6.11,18.82,0.32,14.25,19.64,0.71,68.64,7.25,23.32,30.57,12.50,5.79,1.61,13.79,19.18
Winthrop,21,8,28.97,62.45,0.46,19.41,34.93,0.55,9.55,27.52,0.35,15.34,23.76,0.65,82.83,11.93,25.86,37.79,16.10,6.86,2.52,13.31,20.41
Green Bay,16,14,29.07,63.03,0.46,21.53,42.87,0.50,7.53,20.17,0.37,15.80,20.67,0.76,81.47,8.47,24.20,32.67,15.97,6.77,3.13,11.70,19.23
Youngstown St.,17,13,26.17,61.43,0.43,18.97,38.83,0.49,7.20,22.60,0.32,13.27,18.90,0.70,72.80,11.57,23.40,34.97,12.53,5.50,2.63,11.77,17.67
UAB,17,12,24.28,53.66,0.46,18.90,37.34,0.51,5.38,16.31,0.33,13.28,18.90,0.69,67.21,8.79,25.07,33.86,10.72,5.72,3.03,14.07,16.41
Louisiana Tech,20,7,26.78,57.78,0.46,18.52,34.81,0.53,8.26,22.96,0.37,11.63,17.41,0.67,73.44,8.78,25.11,33.89,12.96,7.00,2.33,12.00,16.56
Central Connecticut,4,23,23.41,57.85,0.40,16.70,39.44,0.42,6.70,18.41,0.36,11.33,16.07,0.71,64.85,6.81,21.52,28.33,9.96,6.41,3.30,12.78,18.52
Wagner,7,18,24.00,58.64,0.41,17.20,36.76,0.47,6.80,21.88,0.32,12.44,16.84,0.73,67.24,9.52,21.80,31.32,12.60,6.12,2.44,12.96,20.24
Cleveland St.,10,18,23.32,55.50,0.42,19.75,43.64,0.46,3.57,11.86,0.30,14.36,21.57,0.65,64.57,10.07,21.79,31.86,11.82,7.71,2.50,14.57,19.89
Milwaukee,9,18,24.59,60.59,0.41,17.04,36.59,0.47,7.56,24.00,0.31,12.52,17.48,0.72,69.26,9.78,21.81,31.59,11.93,5.70,3.00,12.81,21.41
Denver,5,22,24.67,55.33,0.45,19.52,39.04,0.50,5.15,16.30,0.31,14.78,21.19,0.69,69.26,6.11,25.37,31.48,11.19,5.96,2.07,13.74,20.37
North Dakota St.,21,6,25.89,56.96,0.46,16.48,31.26,0.53,9.41,25.70,0.37,14.96,18.52,0.79,76.15,6.37,26.59,32.96,11.67,4.56,2.30,9.81,15.93
IUPUI,5,23,25.32,61.32,0.41,17.25,37.64,0.46,8.07,23.68,0.34,13.11,20.07,0.65,71.82,9.89,22.93,32.82,13.79,6.36,2.50,12.96,17.89
Oakland,10,17,23.85,55.81,0.43,17.41,33.96,0.52,6.44,21.85,0.30,14.22,20.33,0.67,68.37,8.67,23.30,31.96,13.78,5.52,3.11,13.04,16.41
Fairleigh Dickinson,10,17,26.15,58.26,0.45,18.41,36.96,0.50,7.74,21.30,0.36,12.44,17.30,0.73,72.48,7.93,22.41,30.33,11.93,6.33,3.26,11.93,16.11
Sacred Heart,20,10,25.93,59.07,0.44,18.20,35.90,0.51,7.73,23.17,0.33,14.43,19.73,0.73,74.03,11.37,26.53,37.90,13.57,5.20,4.23,12.93,15.83
Austin Peay,20,10,26.63,58.07,0.46,19.77,38.90,0.51,6.87,19.17,0.36,15.50,21.73,0.71,75.63,9.93,22.87,32.80,13.07,6.30,3.00,12.00,18.17
Belmont,24,6,29.70,62.80,0.47,20.30,35.50,0.57,9.40,27.30,0.35,9.87,13.97,0.71,78.67,7.40,27.13,34.53,18.10,7.60,3.20,11.57,15.07
Central Michigan,11,18,26.59,62.69,0.42,19.17,39.45,0.48,7.41,23.24,0.31,14.79,19.69,0.75,75.38,9.10,23.07,32.17,11.21,8.62,2.55,12.66,16.55
Charlotte,14,12,22.88,50.12,0.46,16.46,31.38,0.52,6.42,18.73,0.35,13.58,19.50,0.70,65.77,5.46,23.04,28.50,11.92,7.69,3.50,13.38,15.15
FIU,18,11,27.72,61.79,0.45,18.86,36.03,0.52,8.86,25.76,0.33,11.83,18.24,0.66,76.14,9.97,23.38,33.34,14.31,8.48,6.28,14.38,16.90
Charleston,15,13,24.57,55.57,0.44,16.75,33.71,0.50,7.82,21.86,0.36,13.18,17.54,0.74,70.14,6.71,23.11,29.82,11.07,6.61,2.57,10.14,16.93
UNC Wilmington,8,20,24.21,56.14,0.43,17.96,37.89,0.47,6.25,18.25,0.32,12.86,18.04,0.71,67.54,7.18,24.04,31.21,11.96,6.29,3.18,12.32,17.82
Columbia,5,21,25.12,60.77,0.42,18.42,38.46,0.48,6.69,22.31,0.30,10.19,13.85,0.70,67.12,6.00,25.19,31.19,11.19,5.42,3.04,10.77,15.58
Cornell,6,17,24.65,55.91,0.44,17.52,34.39,0.51,7.13,21.52,0.35,10.57,15.22,0.69,67.00,6.74,22.30,29.04,13.87,6.48,2.83,10.91,17.39
Eastern Illinois,15,13,27.46,59.89,0.46,20.82,40.32,0.52,6.64,19.57,0.34,11.75,18.00,0.66,73.32,9.79,23.68,33.46,13.29,7.43,4.57,12.25,16.00
Southeast Missouri St.,6,23,23.10,55.62,0.42,16.90,36.10,0.47,6.21,19.52,0.32,13.45,19.45,0.68,65.86,7.69,21.93,29.62,11.45,5.24,2.14,13.07,18.72
Elon,11,19,23.43,55.07,0.43,13.03,26.87,0.49,10.40,28.20,0.37,11.43,15.57,0.71,68.70,6.30,21.37,27.67,13.30,4.57,1.83,11.33,19.60
James Madison,7,19,24.88,58.58,0.43,17.23,35.42,0.49,7.65,23.15,0.32,14.81,22.42,0.65,72.23,8.69,24.42,33.12,12.12,6.08,2.65,11.88,17.58
Charleston Southern,13,15,24.61,57.21,0.43,16.04,31.57,0.51,8.57,25.64,0.33,11.75,15.29,0.78,69.54,6.39,23.07,29.46,13.32,5.64,2.64,12.14,15.50
Gardner Webb,16,13,25.62,56.48,0.46,17.45,34.14,0.50,8.17,22.34,0.37,14.21,20.48,0.68,73.62,8.17,24.34,32.52,13.93,6.24,4.72,11.48,15.59
Drexel,12,16,25.07,56.61,0.44,17.75,35.86,0.49,7.32,20.75,0.35,10.75,15.36,0.70,68.21,8.89,22.57,31.46,14.39,5.46,2.68,12.57,16.18
Hofstra,24,6,25.60,57.40,0.45,17.33,35.43,0.49,8.27,21.97,0.37,15.50,19.50,0.80,74.97,8.67,22.53,31.20,11.73,6.77,2.03,11.07,13.87
Jacksonville,11,15,24.62,57.23,0.43,18.19,37.31,0.49,6.42,19.92,0.32,12.00,17.69,0.67,67.65,9.23,26.00,35.23,10.92,5.12,2.92,13.15,16.04
Kennesaw St.,1,25,19.23,54.08,0.36,15.04,37.23,0.41,4.19,16.85,0.24,12.35,17.58,0.70,55.00,7.85,20.85,28.69,8.00,4.92,1.88,13.81,17.08
LIU,15,15,26.23,58.97,0.45,16.70,32.03,0.53,9.53,26.93,0.35,14.37,19.97,0.72,76.37,6.47,24.57,31.03,14.37,6.90,3.23,13.53,16.93
Robert Morris,19,10,25.93,57.28,0.45,17.59,34.24,0.52,8.34,23.03,0.36,10.76,15.90,0.67,70.97,8.48,21.86,30.34,16.79,6.48,2.07,12.34,16.41
North Carolina Central,17,10,26.56,56.44,0.47,20.81,37.00,0.56,5.74,19.44,0.29,12.26,18.96,0.65,71.11,8.67,22.85,31.52,14.04,8.63,3.30,13.63,18.33
Western Michigan,10,18,23.82,55.36,0.43,16.82,34.82,0.48,7.00,20.54,0.35,12.54,17.89,0.70,67.18,7.04,24.68,31.71,11.11,4.64,2.14,12.25,17.50
Hampton,13,18,26.61,58.35,0.46,20.52,39.81,0.52,6.10,18.55,0.32,16.90,24.32,0.69,76.23,8.42,23.61,32.03,14.16,4.71,3.52,11.19,19.16
Radford,20,9,26.14,56.07,0.47,18.28,34.03,0.54,7.86,22.03,0.36,11.52,18.03,0.64,71.66,8.76,24.17,32.93,13.52,5.21,2.07,9.93,17.52
UNC Asheville,13,14,26.81,58.41,0.46,18.81,35.89,0.53,8.00,22.52,0.35,12.96,19.81,0.64,74.59,7.15,20.22,27.37,10.85,8.04,2.37,10.85,18.70
USC Upstate,12,17,24.38,57.34,0.43,17.52,36.79,0.48,6.86,20.55,0.33,13.59,19.62,0.68,69.21,7.48,22.03,29.52,12.69,5.69,2.41,11.72,19.10
South Dakota,15,12,28.04,57.37,0.49,21.15,38.70,0.55,6.89,18.67,0.37,16.67,22.26,0.75,79.63,5.26,24.96,30.22,13.48,4.74,2.74,10.15,17.37
St. Francis PA,20,8,28.43,60.07,0.47,22.25,42.39,0.52,6.18,17.68,0.35,14.79,19.64,0.75,77.82,9.21,23.43,32.64,11.96,7.04,2.86,11.46,16.39
St. Francis NY,12,15,25.74,61.93,0.41,19.33,40.04,0.48,6.41,21.89,0.30,12.22,16.56,0.73,70.19,9.41,24.59,34.00,12.33,6.56,4.52,11.89,18.56
Liberty,26,4,24.73,51.50,0.48,17.23,30.87,0.56,7.50,20.63,0.36,11.63,16.13,0.72,68.60,6.13,23.80,29.93,12.93,5.63,2.77,8.90,13.23
Stetson,14,15,22.48,50.17,0.45,17.41,34.45,0.51,5.07,15.72,0.31,13.28,19.83,0.66,63.31,7.72,22.17,29.90,9.52,6.21,2.21,12.66,15.76
Towson,17,11,24.00,55.75,0.43,17.50,36.86,0.48,6.50,18.89,0.34,15.00,19.36,0.76,69.50,9.86,24.43,34.29,11.21,5.18,3.07,11.71,18.11
William & Mary,17,10,25.22,55.04,0.46,17.96,33.63,0.54,7.26,21.41,0.34,13.07,17.48,0.74,70.78,7.30,25.70,33.00,13.33,4.37,4.00,12.07,15.70
Georgia Southern,18,11,25.97,59.41,0.44,18.45,35.76,0.51,7.52,23.66,0.32,14.97,22.21,0.68,74.41,9.00,24.14,33.14,11.93,7.62,3.72,12.55,16.41
Georgia St.,18,10,27.25,62.68,0.44,18.36,37.75,0.49,8.89,24.93,0.36,14.07,18.96,0.73,77.46,9.61,23.29,32.89,14.79,7.50,4.11,13.32,21.11
Jacksonville St.,12,17,25.90,58.72,0.44,19.00,37.59,0.51,6.90,21.14,0.32,11.62,16.86,0.66,70.31,9.28,23.69,32.97,13.76,5.90,2.59,13.41,16.10
Morehead St.,9,19,24.82,58.75,0.42,19.25,38.86,0.49,5.57,19.89,0.28,11.68,18.04,0.62,66.89,8.86,24.29,33.14,12.93,5.43,4.50,11.68,16.29
Lamar,14,14,24.96,58.50,0.43,19.11,40.79,0.47,5.86,17.71,0.33,15.21,21.14,0.72,71.00,9.43,22.36,31.79,12.79,8.18,4.32,13.93,16.50
Lipscomb,15,13,26.00,57.43,0.45,19.00,37.71,0.50,7.00,19.71,0.35,11.25,16.36,0.69,70.25,7.86,24.00,31.86,13.57,5.39,2.39,11.71,15.43
North Florida,17,11,26.50,58.50,0.45,15.04,27.96,0.54,11.46,30.54,0.37,13.18,16.96,0.77,77.64,7.82,22.50,30.32,15.29,4.54,4.04,10.96,16.25
Bryant,11,15,24.15,58.85,0.42,16.38,34.27,0.48,7.77,24.58,0.31,12.73,18.77,0.67,68.81,10.00,24.96,34.96,13.00,5.88,4.54,13.31,18.04
Mount St. Mary's,10,18,22.39,55.50,0.40,15.86,34.46,0.46,6.54,21.04,0.30,13.07,18.54,0.71,64.39,9.18,22.50,31.68,11.39,4.57,3.43,10.54,16.54
Oregon St.,15,12,24.22,52.74,0.46,18.52,34.26,0.54,5.70,18.48,0.31,15.78,20.85,0.76,69.93,6.56,22.26,28.81,14.41,6.33,4.74,11.15,16.22
USC,18,9,24.63,56.26,0.44,18.22,38.19,0.48,6.41,18.07,0.35,13.44,20.26,0.65,69.11,8.93,25.93,34.85,13.52,6.41,4.96,14.15,16.85
BYU,21,7,30.18,59.39,0.51,19.57,34.61,0.57,10.61,24.79,0.43,9.79,13.89,0.70,80.75,5.82,25.61,31.43,17.57,5.68,2.25,10.46,15.96
San Francisco,18,12,26.07,59.27,0.44,17.40,33.57,0.52,8.67,25.70,0.34,12.63,17.80,0.70,73.43,8.83,24.03,32.87,11.83,7.13,3.23,11.63,17.63
SIU Edwardsville,6,20,24.81,57.50,0.43,18.88,39.12,0.48,5.92,18.38,0.31,12.27,17.92,0.69,67.81,8.08,22.73,30.81,14.04,5.54,2.96,13.50,19.08
Tennessee Martin,7,18,26.24,58.08,0.45,18.96,36.36,0.52,7.28,21.72,0.33,14.36,18.96,0.76,74.12,9.08,21.04,30.12,11.88,4.88,2.56,12.32,16.28
UT Arlington,12,16,25.29,59.82,0.42,17.82,35.89,0.49,7.46,23.93,0.32,12.75,16.89,0.75,70.79,7.96,24.43,32.39,14.89,5.93,2.64,10.93,18.00
Texas St.,18,9,26.00,57.59,0.45,20.85,41.44,0.50,5.15,16.15,0.32,15.22,20.22,0.74,72.37,8.67,22.89,31.56,14.56,6.15,2.85,9.67,18.93
Arkansas St.,12,15,22.96,53.59,0.43,17.04,36.19,0.48,5.93,17.41,0.33,19.30,26.89,0.73,71.15,9.37,22.07,31.44,12.93,6.59,2.67,12.52,21.22
Troy,8,19,23.89,59.96,0.40,15.33,33.19,0.46,8.56,26.78,0.32,11.89,17.11,0.69,68.22,9.89,23.07,32.96,13.48,5.44,2.70,13.81,18.44
Grambling St.,14,15,24.41,55.55,0.44,19.86,40.10,0.49,4.55,15.45,0.30,13.86,20.59,0.67,67.24,8.79,23.52,32.31,12.34,6.72,3.97,14.07,18.83
Jackson St.,15,12,24.63,57.04,0.43,20.48,40.93,0.50,4.15,16.11,0.25,14.04,21.11,0.66,67.44,8.00,22.78,30.78,11.26,8.07,3.67,12.56,19.48
Middle Tennessee,5,23,24.00,58.79,0.41,15.96,34.32,0.46,8.04,24.46,0.32,12.00,18.11,0.65,68.04,9.00,21.82,30.82,12.57,6.54,2.71,13.71,20.04
Southern Miss,8,20,24.64,56.36,0.44,19.29,39.00,0.50,5.36,17.36,0.30,10.54,14.64,0.72,65.18,7.82,24.64,32.46,13.93,5.54,2.43,14.18,15.96
North Texas,19,8,25.93,52.85,0.49,17.56,31.11,0.56,8.37,21.74,0.38,12.89,16.89,0.78,73.11,6.81,21.81,28.63,12.85,6.33,3.00,12.15,16.85
UTEP,14,15,23.00,55.41,0.42,16.24,32.79,0.50,6.76,22.62,0.30,13.72,18.24,0.75,66.48,7.03,24.52,31.55,12.48,6.17,3.07,13.07,17.66
Portland St.,17,12,29.07,64.48,0.45,22.41,44.55,0.50,6.66,19.93,0.33,13.66,18.86,0.72,78.45,12.21,21.21,33.41,14.00,8.34,4.03,12.17,18.21
San Diego,7,20,23.89,57.67,0.41,17.96,38.44,0.47,5.93,19.22,0.29,11.85,18.04,0.65,65.56,7.96,23.37,31.33,12.15,5.48,3.44,13.33,18.26
Santa Clara,17,12,26.55,57.69,0.46,18.83,36.14,0.53,7.72,21.55,0.36,14.69,20.00,0.75,75.52,6.28,25.48,31.76,15.34,6.62,3.34,12.69,20.03
Dartmouth,8,16,24.67,54.50,0.45,17.79,33.29,0.54,6.88,21.21,0.32,10.42,15.04,0.69,66.63,5.33,25.88,31.21,12.50,4.58,2.58,11.29,16.92
Harvard,18,6,26.13,57.83,0.45,18.83,35.71,0.53,7.29,22.13,0.34,13.33,19.08,0.69,72.88,9.08,26.67,35.75,11.83,5.96,4.96,13.21,17.83
Florida Gulf Coast,10,18,23.29,56.07,0.42,16.07,33.11,0.49,7.21,22.96,0.32,8.14,11.86,0.67,61.93,8.86,23.18,32.04,12.75,6.14,4.50,14.18,15.50
NJIT,7,19,22.73,56.81,0.40,17.12,38.27,0.45,5.62,18.54,0.30,11.81,17.69,0.66,62.88,7.92,22.69,30.62,10.46,5.88,3.12,10.62,16.88
High Point,9,20,22.83,54.90,0.42,16.41,35.14,0.47,6.41,19.76,0.32,15.52,22.28,0.68,67.59,10.55,21.76,32.31,12.69,5.21,3.55,13.07,18.59
Longwood,10,16,21.77,55.35,0.39,12.50,27.88,0.44,9.27,27.46,0.34,13.08,18.54,0.68,65.88,6.46,23.77,30.23,10.85,6.88,2.19,13.23,18.58
Florida Atlantic,15,13,25.43,59.36,0.43,17.00,34.00,0.50,8.43,25.36,0.33,11.43,16.00,0.72,70.71,8.64,24.43,33.07,12.18,7.00,1.86,12.89,16.82
Old Dominion,10,18,23.79,59.00,0.40,17.89,38.68,0.46,5.89,20.32,0.29,11.71,16.64,0.70,65.18,9.64,26.61,36.25,10.79,6.18,2.54,11.68,16.89
Utah,13,15,23.54,54.04,0.44,16.75,33.25,0.50,6.79,20.79,0.33,14.14,19.25,0.73,68.00,7.57,22.96,30.54,13.18,5.68,2.64,12.57,15.39
Marshall,16,13,28.24,63.55,0.44,20.28,38.79,0.52,7.97,24.76,0.32,12.38,18.59,0.67,76.83,9.69,26.24,35.93,14.66,8.17,5.76,14.28,19.31
Western Kentucky,16,10,25.19,56.96,0.44,18.31,35.92,0.51,6.88,21.04,0.32,17.19,21.88,0.78,74.46,7.15,23.15,30.31,10.19,6.69,3.73,11.08,13.81
Grand Canyon,12,14,24.69,54.42,0.46,18.50,36.54,0.51,6.19,17.88,0.35,15.35,20.46,0.74,70.92,6.65,23.77,30.42,11.62,4.73,1.42,10.69,16.08
Louisiana,11,18,24.66,59.59,0.41,16.79,34.69,0.49,7.86,24.90,0.31,15.17,20.66,0.74,72.34,9.45,22.90,32.34,11.48,5.72,3.03,13.28,17.62
Louisiana Monroe,7,18,22.36,53.40,0.42,15.92,34.80,0.46,6.44,18.60,0.34,12.52,17.96,0.69,63.68,7.84,22.88,30.72,11.88,4.24,3.12,12.48,16.80
Murray St.,21,8,26.38,55.83,0.47,19.76,38.14,0.52,6.62,17.69,0.38,15.34,21.72,0.71,74.72,8.34,26.28,34.62,13.86,5.69,3.76,13.28,17.76
Tennessee St.,15,14,25.03,54.66,0.46,18.00,34.45,0.53,7.03,20.21,0.35,12.17,18.34,0.66,69.45,9.17,25.14,34.31,13.14,5.38,3.97,16.45,19.93
Purdue Fort Wayne,12,16,24.57,58.82,0.42,16.61,32.82,0.51,7.96,26.00,0.31,9.39,14.21,0.67,66.50,8.61,23.43,32.04,12.29,7.39,2.93,13.04,15.36
Nebraska Omaha,14,14,27.64,61.75,0.45,21.39,43.25,0.50,6.25,18.50,0.34,12.43,17.32,0.70,73.96,8.54,24.21,32.75,11.93,5.32,3.14,11.43,16.93
North Dakota,14,16,25.77,56.13,0.46,17.87,33.00,0.54,7.90,23.13,0.34,15.83,20.73,0.74,75.27,7.17,25.27,32.43,12.80,4.47,2.27,12.67,17.97
Western Illinois,5,18,27.39,63.87,0.43,18.87,40.83,0.46,8.52,23.04,0.37,10.74,13.91,0.76,74.04,7.30,24.78,32.09,10.04,5.04,2.17,11.65,17.78
Pepperdine,13,15,26.29,60.50,0.44,18.57,38.18,0.48,7.71,22.32,0.34,15.64,19.96,0.78,75.93,8.61,23.86,32.46,14.71,6.21,3.93,12.39,17.96
Portland,6,22,23.18,55.11,0.42,16.71,35.57,0.47,6.46,19.54,0.34,12.61,18.64,0.68,65.43,5.32,23.54,28.86,12.54,5.21,3.64,13.57,17.64
Rice,11,16,25.07,57.59,0.44,15.00,28.11,0.53,10.07,29.48,0.34,14.33,19.93,0.72,74.56,7.56,23.93,31.48,14.22,5.74,1.67,12.48,16.59
UTSA,13,14,27.96,64.81,0.43,18.07,37.67,0.48,9.89,27.15,0.37,13.56,17.70,0.77,79.37,9.56,26.52,36.07,12.81,5.67,2.81,12.56,19.81
Little Rock,18,9,24.74,52.78,0.47,18.44,35.15,0.52,6.30,17.63,0.35,17.56,24.78,0.71,73.33,8.33,24.19,32.52,14.93,6.81,3.78,14.89,18.52
South Alabama,18,9,25.04,53.04,0.48,19.67,37.26,0.53,5.37,15.78,0.34,15.33,21.37,0.72,70.78,7.11,23.04,30.15,11.15,7.44,3.41,11.81,15.85
Eastern Kentucky,14,15,25.52,62.79,0.41,17.62,38.10,0.46,7.90,24.69,0.32,14.72,20.48,0.69,73.66,9.14,22.10,31.24,11.86,8.79,2.03,13.03,18.21
Tennessee Tech,8,17,24.84,59.36,0.42,16.16,33.60,0.48,8.68,25.76,0.34,9.24,13.80,0.67,67.60,9.00,22.12,31.12,14.68,7.16,3.20,13.32,14.92
New Mexico St.,23,4,25.30,55.07,0.46,16.00,29.33,0.54,9.30,25.74,0.36,11.96,16.41,0.72,71.85,9.56,23.22,32.78,14.85,6.41,1.96,12.00,15.85
UT Rio Grande Valley,13,12,26.08,59.48,0.44,19.56,40.28,0.49,6.52,19.20,0.34,15.56,21.44,0.72,74.24,9.16,20.60,29.76,15.64,8.60,3.56,13.16,20.00
Wichita St.,20,8,24.54,60.11,0.41,16.86,36.21,0.47,7.68,23.89,0.32,14.21,20.50,0.70,70.96,10.11,25.68,35.79,13.82,6.89,3.54,12.46,18.75
Arizona,17,11,25.82,59.43,0.43,18.71,38.61,0.48,7.11,20.82,0.34,16.04,21.93,0.73,74.79,9.68,24.32,34.00,14.89,6.46,3.68,11.71,18.57
Colorado,18,11,24.14,55.03,0.44,16.72,33.38,0.50,7.41,21.66,0.34,14.90,20.00,0.74,70.59,8.45,25.38,33.83,13.21,5.38,3.07,12.34,15.03
Washington,13,16,24.34,54.90,0.45,17.34,33.31,0.52,7.00,21.59,0.31,15.83,21.66,0.73,71.52,8.03,24.86,32.90,12.10,7.34,5.72,14.52,17.41
Idaho St.,6,20,25.46,55.77,0.46,19.27,38.15,0.50,6.19,17.62,0.35,13.00,19.65,0.66,70.12,8.08,21.65,29.73,11.62,4.38,2.46,12.96,14.81
Montana St.,12,14,23.04,52.23,0.44,17.73,35.42,0.51,5.31,16.81,0.31,14.85,19.81,0.75,66.23,5.92,25.96,31.88,10.92,4.88,2.38,12.92,17.42
Loyola Marymount,10,19,22.79,49.72,0.46,17.59,32.45,0.55,5.21,17.28,0.29,12.00,17.52,0.67,62.79,6.72,21.10,27.83,11.21,5.72,2.00,13.03,18.62
Saint Mary's,23,7,27.27,56.83,0.48,19.23,36.17,0.54,8.03,20.67,0.39,13.27,17.50,0.75,75.83,6.73,23.10,29.83,11.73,6.60,2.00,8.53,16.40
Montana,17,10,27.70,57.81,0.48,21.81,42.07,0.52,5.89,15.74,0.37,10.96,15.11,0.69,72.26,5.30,23.15,28.44,12.85,6.33,3.15,11.07,20.85
Weber St.,12,18,26.23,56.87,0.46,19.40,36.17,0.54,6.83,20.70,0.32,11.87,16.00,0.74,71.17,6.70,24.43,31.13,11.13,5.27,3.97,11.20,14.27
Cal St. Bakersfield,10,17,24.41,56.63,0.44,19.56,41.30,0.48,4.85,15.33,0.32,11.85,17.70,0.67,65.52,10.81,22.67,33.48,11.37,5.74,2.89,13.30,21.48
Seattle,12,12,24.67,61.88,0.40,16.96,37.96,0.45,7.71,23.92,0.32,17.00,22.00,0.77,74.04,9.58,23.08,32.67,10.54,5.92,3.21,9.38,20.21
Cal St. Fullerton,9,18,24.37,55.78,0.44,18.07,37.00,0.49,6.30,18.78,0.33,14.33,21.15,0.68,69.37,6.89,23.56,30.44,11.85,4.85,3.15,12.48,18.63
Cal St. Northridge,15,12,27.93,59.81,0.47,20.59,40.11,0.51,7.33,19.70,0.38,14.00,19.00,0.74,77.19,7.67,23.63,31.30,14.04,5.81,3.41,10.15,16.93
Cal Poly,6,20,23.27,56.12,0.41,16.54,36.23,0.46,6.73,19.88,0.33,14.42,20.42,0.71,67.69,6.69,22.50,29.19,10.15,6.46,2.73,13.19,21.04
UC Irvine,18,9,27.70,58.70,0.47,21.37,41.07,0.52,6.33,17.63,0.37,12.26,16.81,0.73,74.00,9.96,26.22,36.19,14.89,6.41,3.70,12.81,18.15
UC Riverside,15,13,23.82,53.54,0.45,15.75,30.79,0.52,8.07,22.75,0.35,9.82,14.57,0.69,65.54,7.00,25.36,32.36,12.86,5.04,2.79,12.18,17.14
UC Santa Barbara,20,8,24.29,54.07,0.45,17.93,35.25,0.51,6.36,18.82,0.34,15.43,20.46,0.74,70.36,9.18,22.36,31.54,13.57,4.75,2.43,11.11,16.64
Gonzaga,27,2,31.28,61.59,0.51,23.93,42.31,0.57,7.34,19.28,0.40,16.45,23.93,0.68,86.34,9.83,27.03,36.86,16.10,7.31,3.66,10.83,14.52
Pacific,19,8,25.44,57.30,0.45,20.07,41.33,0.49,5.37,15.96,0.34,13.44,19.93,0.67,69.70,10.44,24.44,34.89,11.59,5.41,4.30,11.93,19.74
UC Davis,12,15,25.07,54.89,0.46,16.78,34.44,0.49,8.30,20.44,0.40,14.04,17.70,0.79,72.48,6.11,21.74,27.85,12.19,5.78,1.78,11.74,18.81
Hawaii,14,11,24.16,57.00,0.43,17.08,35.32,0.49,7.08,21.68,0.33,12.96,18.60,0.67,68.36,8.88,22.28,31.16,13.24,5.48,1.96,12.44,17.28
Brown,12,12,23.08,58.13,0.40,16.46,36.17,0.45,6.63,21.96,0.30,13.50,18.50,0.72,66.29,9.67,24.38,34.04,11.21,6.46,4.63,14.17,16.71
Yale,21,5,27.19,57.12,0.47,18.35,33.50,0.54,8.85,23.62,0.37,13.12,18.12,0.72,76.35,7.65,28.46,36.12,15.50,6.12,3.12,12.38,14.73
Marist,6,21,21.63,54.22,0.40,13.89,32.00,0.44,7.74,22.22,0.35,10.70,16.30,0.67,61.70,7.52,23.30,30.81,10.85,6.81,3.00,13.63,18.89
Northern Kentucky,20,8,24.79,57.96,0.43,17.04,32.18,0.53,7.75,25.79,0.30,14.29,20.21,0.70,71.61,9.36,23.79,33.14,13.00,7.79,1.89,11.75,17.93
Wright St.,22,6,28.14,61.75,0.46,20.57,40.89,0.51,7.57,20.86,0.36,16.14,24.11,0.68,80.00,10.00,26.32,36.32,13.86,6.36,3.64,12.00,16.18
Campbell,12,15,24.26,53.26,0.46,16.74,31.48,0.53,7.52,21.78,0.35,10.30,14.26,0.71,66.33,5.78,22.30,28.07,14.52,6.81,3.07,12.78,17.70
North Alabama,11,15,23.50,54.92,0.43,16.38,34.62,0.48,7.12,20.31,0.36,14.58,20.92,0.69,68.69,8.19,23.96,32.15,10.69,5.92,2.15,13.85,18.88
Merrimack,17,9,23.19,54.19,0.43,15.23,31.31,0.49,7.96,22.88,0.34,9.23,13.81,0.67,63.58,6.15,20.00,26.15,13.15,10.00,3.19,11.42,17.42
Chicago St.,3,22,19.96,48.88,0.41,14.36,31.28,0.46,5.60,17.60,0.32,14.88,20.36,0.72,60.40,5.96,20.60,26.56,10.12,4.92,2.48,16.96,20.72
Long Beach St.,10,18,24.11,56.04,0.43,18.39,39.57,0.47,5.71,16.46,0.34,13.82,19.57,0.69,67.75,7.68,24.07,31.75,11.50,5.82,4.07,15.61,17.36
